username,user_id,comments,post_id,likes,time,created_time
ford,215007312,48,1066023276501017997_215007312,15740,2015-10-03 01:11:33.020000,2015-09-03 17:04:59
ford,215007312,48,1066023276501017997_215007312,15740,2015-10-03 01:13:00.420000,2015-09-03 17:04:59
ford,215007312,369,1066770881946330335_215007312,13640,2015-10-03 01:11:33.020000,2015-09-04 17:50:20
ford,215007312,369,1066770881946330335_215007312,13640,2015-10-03 01:13:00.420000,2015-09-04 17:50:20
ford,215007312,120,1066903180453095164_215007312,16249,2015-10-03 01:11:33.020000,2015-09-04 22:13:11
ford,215007312,120,1066903180453095164_215007312,16249,2015-10-03 01:13:00.420000,2015-09-04 22:13:11
ford,215007312,233,1069564270710367906_215007312,16296,2015-10-03 01:11:33.020000,2015-09-08 14:20:18
ford,215007312,233,1069564270710367906_215007312,16296,2015-10-03 01:13:00.420000,2015-09-08 14:20:18
ford,215007312,147,1069661106645247169_215007312,15072,2015-10-03 01:11:33.019000,2015-09-08 17:32:42
ford,215007312,147,1069661106645247169_215007312,15072,2015-10-03 01:13:00.420000,2015-09-08 17:32:42
ford,215007312,51,1070351899546625376_215007312,13331,2015-10-03 01:11:33.019000,2015-09-09 16:25:11
ford,215007312,51,1070351899546625376_215007312,13331,2015-10-03 01:13:00.420000,2015-09-09 16:25:11
ford,215007312,259,1070464300384265398_215007312,17177,2015-10-03 01:11:33.019000,2015-09-09 20:08:30
ford,215007312,259,1070464300384265398_215007312,17177,2015-10-03 01:13:00.420000,2015-09-09 20:08:30
ford,215007312,48,1071944133295482495_215007312,11742,2015-10-03 01:11:33.019000,2015-09-11 21:08:40
ford,215007312,48,1071944133295482495_215007312,11742,2015-10-03 01:13:00.420000,2015-09-11 21:08:40
ford,215007312,247,1072448603024533283_215007312,12948,2015-10-03 01:11:33.019000,2015-09-12 13:50:57
ford,215007312,247,1072448603024533283_215007312,12948,2015-10-03 01:13:00.420000,2015-09-12 13:50:57
ford,215007312,96,1073944246096242200_215007312,16039,2015-10-03 01:11:33.019000,2015-09-14 15:22:32
ford,215007312,96,1073944246096242200_215007312,16039,2015-10-03 01:13:00.420000,2015-09-14 15:22:32
ford,215007312,66,1074106612628857874_215007312,18153,2015-10-03 01:11:33.019000,2015-09-14 20:45:07
ford,215007312,66,1074106612628857874_215007312,18153,2015-10-03 01:13:00.420000,2015-09-14 20:45:07
ford,215007312,89,1074734238666073342_215007312,14309,2015-10-03 01:11:33.019000,2015-09-15 17:32:06
ford,215007312,89,1074734238666073342_215007312,14309,2015-10-03 01:13:00.420000,2015-09-15 17:32:06
ford,215007312,93,1075358993702201215_215007312,17130,2015-10-03 01:11:33.019000,2015-09-16 14:13:23
ford,215007312,93,1075358993702201215_215007312,17130,2015-10-03 01:13:00.420000,2015-09-16 14:13:23
ford,215007312,87,1075500244556588585_215007312,16596,2015-10-03 01:11:33.019000,2015-09-16 18:54:01
ford,215007312,87,1075500244556588585_215007312,16596,2015-10-03 01:13:00.420000,2015-09-16 18:54:01
ford,215007312,112,1076124854327190841_215007312,14737,2015-10-03 01:11:33.019000,2015-09-17 15:35:01
ford,215007312,112,1076124854327190841_215007312,14737,2015-10-03 01:13:00.420000,2015-09-17 15:35:01
ford,215007312,80,1076989526018368790_215007312,15008,2015-10-03 01:11:33.019000,2015-09-18 20:12:57
ford,215007312,80,1076989526018368790_215007312,15008,2015-10-03 01:13:00.420000,2015-09-18 20:12:57
ford,215007312,153,1079109993458051043_215007312,18112,2015-10-03 01:11:33.019000,2015-09-21 18:25:57
ford,215007312,153,1079109993458051043_215007312,18112,2015-10-03 01:13:00.420000,2015-09-21 18:25:57
ford,215007312,46,1079188566411846800_215007312,13077,2015-10-03 01:11:33.019000,2015-09-21 21:02:04
ford,215007312,46,1079188566411846800_215007312,13077,2015-10-03 01:13:00.420000,2015-09-21 21:02:04
ford,215007312,271,1079834394503685242_215007312,13661,2015-10-03 01:11:33.019000,2015-09-22 18:25:12
ford,215007312,271,1079834394503685242_215007312,13661,2015-10-03 01:13:00.420000,2015-09-22 18:25:12
ford,215007312,844,1080443870512424933_215007312,19532,2015-10-03 01:11:33.019000,2015-09-23 14:36:07
ford,215007312,844,1080443870512424933_215007312,19532,2015-10-03 01:13:00.420000,2015-09-23 14:36:07
ford,215007312,32,1080546404166018968_215007312,10827,2015-10-03 01:11:33.019000,2015-09-23 17:59:50
ford,215007312,32,1080546404166018968_215007312,10827,2015-10-03 01:13:00.420000,2015-09-23 17:59:50
ford,215007312,179,1081150651840603470_215007312,14093,2015-10-03 01:11:33.019000,2015-09-24 14:00:22
ford,215007312,179,1081150651840603470_215007312,14093,2015-10-03 01:13:00.420000,2015-09-24 14:00:22
ford,215007312,342,1081248046045734555_215007312,15106,2015-10-03 01:11:33.019000,2015-09-24 17:13:53
ford,215007312,342,1081248046045734555_215007312,15106,2015-10-03 01:13:00.420000,2015-09-24 17:13:53
ford,215007312,90,1081920811904018183_215007312,14779,2015-10-03 01:11:33.019000,2015-09-25 15:30:33
ford,215007312,90,1081920811904018183_215007312,14779,2015-10-03 01:13:00.420000,2015-09-25 15:30:33
ford,215007312,51,1084222807134708929_215007312,12301,2015-10-03 01:11:33.019000,2015-09-28 19:44:12
ford,215007312,51,1084222807134708929_215007312,12301,2015-10-03 01:13:00.420000,2015-09-28 19:44:12
ford,215007312,218,1084342517805360149_215007312,18861,2015-10-03 01:11:33.019000,2015-09-28 23:42:02
ford,215007312,218,1084342517805360149_215007312,18862,2015-10-03 01:13:00.420000,2015-09-28 23:42:02
ford,215007312,226,1084907010037917538_215007312,21807,2015-10-03 01:11:33.019000,2015-09-29 18:23:35
ford,215007312,226,1084907010037917538_215007312,21807,2015-10-03 01:13:00.420000,2015-09-29 18:23:35
ford,215007312,33,1085623424373761298_215007312,10847,2015-10-03 01:11:33.019000,2015-09-30 18:06:58
ford,215007312,33,1085623424373761298_215007312,10847,2015-10-03 01:13:00.420000,2015-09-30 18:06:58
ford,215007312,39,1085710506454689288_215007312,11455,2015-10-03 01:11:33.019000,2015-09-30 20:59:59
ford,215007312,39,1085710506454689288_215007312,11455,2015-10-03 01:13:00.420000,2015-09-30 20:59:59
ford,215007312,157,1086237450120210293_215007312,17158,2015-10-03 01:11:33.019000,2015-10-01 14:26:56
ford,215007312,157,1086237450120210293_215007312,17158,2015-10-03 01:13:00.420000,2015-10-01 14:26:56
ford,215007312,135,1086317761906615444_215007312,13399,2015-10-03 01:11:33.019000,2015-10-01 17:06:30
ford,215007312,135,1086317761906615444_215007312,13400,2015-10-03 01:13:00.420000,2015-10-01 17:06:30
ford,215007312,86,1086955565707700052_215007312,8124,2015-10-03 01:11:33.019000,2015-10-02 14:13:42
ford,215007312,86,1086955565707700052_215007312,8126,2015-10-03 01:13:00.420000,2015-10-02 14:13:42
ford,215007312,58,1087104290518214578_215007312,11706,2015-10-03 01:11:33.019000,2015-10-02 19:09:11
ford,215007312,58,1087104290518214578_215007312,11719,2015-10-03 01:13:00.420000,2015-10-02 19:09:11
